name,id,phone_number,address,mode_of_payment,rating,web_url
 Saheli Saree Showroom,1,,"  Vivek Path, Neemuch, Neemuch HO, Neemuch - 458441    ",,4.3,https://www.justdial.com/neemuch/Saheli-Saree-Showroom-Neemuch-HO/9999P7423-7423-140404103422-N2X5_BZDET?xid=TmVlbXVjaCBTYXJlZSBTdG9yZXM=
 Suruchi Fashion,2,,"  Hospital Road, Manasa, District- Neemuch, Manasa, Neemuch - 458110    ",,4.6,https://www.justdial.com/neemuch/Suruchi-Fashion-Manasa/9999P7423-7423-140228135531-E3B9_BZDET?xid=TmVlbXVjaCBTYXJlZSBTdG9yZXM=
 Shubham Saree Center,3,,"  Hospital Road, Manasa, District- Neemuch, Manasa, Neemuch - 458110    ",,4.6,https://www.justdial.com/neemuch/Shubham-Saree-Center-Manasa/9999P7423-7423-140228141352-B1F9_BZDET?xid=TmVlbXVjaCBTYXJlZSBTdG9yZXM=
 Parivesh Saree,4,,"  Tagore Marg, 40 K Samne, Neemuch City, Neemuch - 458441, Near Khursid Talkies    ","Cash,Debit Cards,Cheques",5.0,https://www.justdial.com/Neemuch/Parivesh-Saree-Near-Khursid-Talkies-Neemuch-City/9999P7423-7423-190124232001-E7G2_BZDET?xid=TmVlbXVjaCBTYXJlZSBTdG9yZXM=
 Jain Saree Center,5,,"  Gandhi Chowk, Bada Bazar, Manasa, District- Neemuch, Manasa, Neemuch - 458110    ",,5.0,https://www.justdial.com/neemuch/Jain-Saree-Center-Manasa/9999P7423-7423-140227134927-I7N9_BZDET?xid=TmVlbXVjaCBTYXJlZSBTdG9yZXM=
 Suhagan Saree Center,6,,"  Tilak Marg, Satya Path, Neemuch, Neemuch HO, Neemuch - 458441    ",,3.7,https://www.justdial.com/neemuch/Suhagan-Saree-Center-Neemuch-HO/9999P7423-7423-140404154525-T4M1_BZDET?xid=TmVlbXVjaCBTYXJlZSBTdG9yZXM=
 Prakrati Creation,7,,"  Neemuch Chawni, Neemuch City, Neemuch - 458441    ",,2.3,https://www.justdial.com/Neemuch/Prakrati-Creation-Neemuch-City/9999P7423-7423-170612123703-D7F5_BZDET?xid=TmVlbXVjaCBTYXJlZSBTdG9yZXM=
 Chanchal Sarees,8,,"  Lalaji Complex, Neemuch, Neemuch HO, Neemuch - 458441    ",,5.0,https://www.justdial.com/neemuch/Chanchal-Sarees-Neemuch-HO/9999P7423-7423-140404104232-J6B5_BZDET?xid=TmVlbXVjaCBTYXJlZSBTdG9yZXM=
 Kashmir Silk Stores,9,,"  Sadar Bazaar Road, Mandsaur Naka, Manasa, Neemuch - 458110  ",,5.0,https://www.justdial.com/Neemuch/Kashmir-Silk-Stores-Manasa/9999P7423-7423-180205212408-F7F2_BZDET?xid=TmVlbXVjaCBTYXJlZSBTdG9yZXM=
 Parivesh Saree Showroom,10,,"  Tagore Marg, Neemuch City, Neemuch - 458441  ",,4.8,https://www.justdial.com/Neemuch/Parivesh-Saree-Showroom-Neemuch-City/9999P7423-7423-110126013754-B6B9_BZDET?xid=TmVlbXVjaCBTYXJlZSBTdG9yZXM=
 Saheli Saree,11,,"  40, Vivek Path, Neemuch City, Neemuch - 458441  ","Cash,Cheques",5.0,https://www.justdial.com/Neemuch/Saheli-Saree-Neemuch-City/9999P7423-7423-130225155839-L2U4_BZDET?xid=TmVlbXVjaCBTYXJlZSBSZXRhaWxlcnM=
 Anil Vastralay,12,,"  Naya Bazar, Neemuch - 458441  ",,5.0,https://www.justdial.com/Neemuch/Anil-Vastralay/9999P7423-7423-110123020043-T4V9_BZDET?xid=TmVlbXVjaCBTYXJlZSBSZXRhaWxlcnM=
 Kesrimal Manakchand Doshi,13,,"  19/2, Sarafa Bazar, Jawad, Neemuch - 458330  ",,5.0,https://www.justdial.com/Neemuch/Kesrimal-Manakchand-Doshi-Jawad/9999P7423-7423-110128220555-T4Z7_BZDET?xid=TmVlbXVjaCBTYXJlZSBSZXRhaWxlcnM=
 Rohit saree center,14,,"  Jawad, Neemuch - 458330  ",,4.5,https://www.justdial.com/Neemuch/Rohit-saree-center-Jawad/9999P7423-7423-181005152526-B8H9_BZDET?xid=TmVlbXVjaCBTYXJlZSBSZXRhaWxlcnM=
 Rohit Saree Center,15,,"  Laxminath Chowk, Jawad, District- Neemuch, Jawad, Neemuch - 458330    ",,4.5,https://www.justdial.com/neemuch/Rohit-Saree-Center-Jawad/9999P7423-7423-140225121450-B3N6_BZDET?xid=TmVlbXVjaCBTYXJlZSBSZXRhaWxlcnM=
 Saree Sansar,16,,"  Tagore Marg, Neemuch HO, Neemuch - 458441, Opp.Four Zero    ",Cash,4.0,https://www.justdial.com/neemuch/Saree-Sansar-Opp-Four-Zero-Neemuch-HO/9999P7423-7423-120731164932-Z1F6_BZDET?xid=TmVlbXVjaCBTYXJlZSBSZXRhaWxlcnM=
 Abhilasha Saree,17,,"  Ground Floor, Neemuch HO, Neemuch - 458441, Pustak Bazar    ","Cash,Master Card,Visa Card,Debit Cards,Cheques,American Express Card,Credit Card",4.0,https://www.justdial.com/Neemuch/Abhilasha-Saree-Pustak-Bazar-Neemuch-HO/9999P7423-7423-120720154555-T5T1_BZDET?xid=TmVlbXVjaCBTYXJlZSBSZXRhaWxlcnM=
 Nakoda Corner,18,,"  Shop No. 15, Ambedkar Marg, Neemuch HO, Neemuch - 458441, Opp. SAI Temple  ",,3.0,https://www.justdial.com/Neemuch/Nakoda-Corner-Opp-SAI-Temple-Neemuch-HO/9999P7423-7423-110413123625-S5Q4_BZDET?xid=TmVlbXVjaCBTYXJlZSBSZXRhaWxlcnM=
 Porwal Cloth Stores,19,,"  105, Naya Bazar, Neemuch, Neemuch - 458441  ",,2.0,https://www.justdial.com/Neemuch/Porwal-Cloth-Stores/9999P7423-7423-110122030200-L6W5_BZDET?xid=TmVlbXVjaCBTYXJlZSBSZXRhaWxlcnM=
 Nakoda Saree Center,20,,"  Sadar Bazaar, Sitamau, District-Mandsaur, Neemuch HO, Neemuch - 458441  ",,0.0,https://www.justdial.com/neemuch/Nakoda-Saree-Center-Neemuch-HO/9999P7423-7423-140320112926-B4B8_BZDET?xid=TmVlbXVjaCBTYXJlZSBSZXRhaWxlcnM=
 Muskan Saree Showroom,21,,"  Hudco Chauraha, Neemuch, Jawahar Nagar, Neemuch - 458441    ",,0.0,https://www.justdial.com/neemuch/Muskan-Saree-Showroom-Jawahar-Nagar/9999P7423-7423-140319182416-W8V2_BZDET?xid=TmVlbXVjaCBTYXJlZSBSZXRhaWxlcnM=
 Nakoda Sarees,22,,"  Shop No.5, Risala Masjid, Taiyabi School, Neemuch - 458441    ",,0.0,https://www.justdial.com/Neemuch/Nakoda-Sarees/9999P7423-7423-110202185155-E3V1_BZDET?xid=TmVlbXVjaCBTYXJlZSBSZXRhaWxlcnM=
 Pihar Saree,23,,"  Veer Park Road, Neemuch, Neemuch HO, Neemuch - 458441    ",,0.0,https://www.justdial.com/neemuch/Pihar-Saree-Neemuch-HO/9999P7423-7423-140320135038-P9W4_BZDET?xid=TmVlbXVjaCBTYXJlZSBSZXRhaWxlcnM=
 Santoshi Saree Center,24,,"  Vivek Path, Neemuch, Neemuch HO, Neemuch - 458441    ",,0.0,https://www.justdial.com/neemuch/Santoshi-Saree-Center-Neemuch-HO/9999P7423-7423-140404102622-I2S3_BZDET?xid=TmVlbXVjaCBTYXJlZSBSZXRhaWxlcnM=
 Bherulal Mangilal Jain,25,,"  Vivek Path, Neemuch, Neemuch HO, Neemuch - 458441    ",,0.0,https://www.justdial.com/neemuch/Bherulal-Mangilal-Jain-Neemuch-HO/9999P7423-7423-140404100619-A5W3_BZDET?xid=TmVlbXVjaCBTYXJlZSBSZXRhaWxlcnM=
 Gharana Saree Showroom,26,,"  9, Raj Mandir Complex, CRPF Road, Neemuch HO, Neemuch - 458441    ",Cash,0.0,https://www.justdial.com/Neemuch/Gharana-Saree-Showroom-Neemuch-HO/9999P7423-7423-110125233533-Z9F7_BZDET?xid=TmVlbXVjaCBTYXJlZSBSZXRhaWxlcnM=
 Muskan Saree Centre,27,,"  Shop No. 13, Ambedkar Marg Main Road, Neemuch HO, Neemuch - 458441, Vikas Nagar Chauraha  ",,0.0,https://www.justdial.com/Neemuch/Muskan-Saree-Centre-Vikas-Nagar-Chauraha-Neemuch-HO/9999P7423-7423-110410132701-E9Y4_BZDET?xid=TmVlbXVjaCBTYXJlZSBSZXRhaWxlcnM=
 Muskan Collection,28,,"  Kamal Chowk, Neemuch, Neemuch HO, Neemuch - 458441  ",,0.0,https://www.justdial.com/neemuch/Muskan-Collection-Neemuch-HO/9999P7423-7423-140319133654-K8Q9_BZDET?xid=TmVlbXVjaCBTYXJlZSBSZXRhaWxlcnM=
 Krishna Collection,29,,"  Dana Gali, Neemuch, Neemuch HO, Neemuch - 458441    ",,0.0,https://www.justdial.com/neemuch/Krishna-Collection-Neemuch-HO/9999P7423-7423-140404162405-P5D2_BZDET?xid=TmVlbXVjaCBTYXJlZSBSZXRhaWxlcnM=
 Shreeji Solutions,30,,"  No.49, Tegore Marg, Neemuch - 458441  ",,0.0,https://www.justdial.com/neemuch/Shreeji-Solutions/9999P7423-7423-190928005951-A2V7_BZDET?xid=TmVlbXVjaCBTYXJlZSBSZXRhaWxlcnM=
 Kota Saree Emporium,31,,"  Tilak Marg, Satya Path, Neemuch, Neemuch HO, Neemuch - 458441    ",,0.0,https://www.justdial.com/neemuch/Kota-Saree-Emporium-Neemuch-HO/9999P7423-7423-140404152451-M5N4_BZDET?xid=TmVlbXVjaCBTYXJlZSBSZXRhaWxlcnM=
 Gangor Sarees,32,,"  Tilak Marg, Satya Path, Neemuch, Neemuch HO, Neemuch - 458441    ",,0.0,https://www.justdial.com/neemuch/Gangor-Sarees-Neemuch-HO/9999P7423-7423-140404152725-J7V5_BZDET?xid=TmVlbXVjaCBTYXJlZSBSZXRhaWxlcnM=
 Rangoli Sarees,33,,"  Ahinsa Path, Bhawani Market, Neemuch, Neemuch HO, Neemuch - 458441    ",,0.0,https://www.justdial.com/neemuch/Rangoli-Sarees-Neemuch-HO/9999P7423-7423-140319164426-M7N8_BZDET?xid=TmVlbXVjaCBTYXJlZSBSZXRhaWxlcnM=
 Saloni Sarees,34,,"  Ahinsa Path, Bhawani Market, Neemuch, Neemuch HO, Neemuch - 458441    ",,0.0,https://www.justdial.com/neemuch/Saloni-Sarees-Neemuch-HO/9999P7423-7423-140319164621-W2M9_BZDET?xid=TmVlbXVjaCBTYXJlZSBSZXRhaWxlcnM=
 New Fashion Saree,35,,"  Private Bus Stand Road, Neemuch, Neemuch HO, Neemuch - 458441    ",,0.0,https://www.justdial.com/neemuch/New-Fashion-Saree-Neemuch-HO/9999P7423-7423-140224154437-A2P7_BZDET?xid=TmVlbXVjaCBTYXJlZSBSZXRhaWxlcnM=
 Kumkum Saree & Matching Center,36,,"  Neemuch, Indira Nagar, Neemuch - 458441    ",,0.0,https://www.justdial.com/neemuch/Kumkum-Saree-Matching-Center-Indira-Nagar/9999P7423-7423-140312113448-V6T2_BZDET?xid=TmVlbXVjaCBTYXJlZSBSZXRhaWxlcnM=
 Kumkum Saree Centre,37,,"  L-4 Indira Nagar Ext., Mangalik Bhawan Road, Indira Nagar, Neemuch - 458441, Opp.shri Guru Kripa Rajputi Poshakhen  ",,0.0,https://www.justdial.com/Neemuch/Kumkum-Saree-Centre-Opp-shri-Guru-Kripa-Rajputi-Poshakhen-Indira-Nagar/9999P7423-7423-110406113810-S1I9_BZDET?xid=TmVlbXVjaCBTYXJlZSBSZXRhaWxlcnM=
 Ambika Saree Centre,38,,"  Station Road, Neemuch, Neemuch HO, Neemuch - 458441    ",,0.0,https://www.justdial.com/neemuch/Ambika-Saree-Centre-Neemuch-HO/9999P7423-7423-140320094454-U1Q6_BZDET?xid=TmVlbXVjaCBTYXJlZSBSZXRhaWxlcnM=
 Khandelwal Cutpiece Centre,39,,"  Fateh Chowk, Baghana Neemuch, Neemuch, Baghana Neemuch, Neemuch - 458441    ",,0.0,https://www.justdial.com/neemuch/Khandelwal-Cutpiece-Centre-Baghana-Neemuch/9999P7423-7423-140320095253-Q8R4_BZDET?xid=TmVlbXVjaCBTYXJlZSBSZXRhaWxlcnM=
 Govind Jewelery & Saree Centre,40,,"  Moolchand Road, Neemuch, Neemuch - 458441  ",,0.0,https://www.justdial.com/Neemuch/Govind-Jewelery-Saree-Centre/9999P7423-7423-110123002314-X3U7_BZDET?xid=TmVlbXVjaCBTYXJlZSBSZXRhaWxlcnM=
 JAY MA Ready Made Saree,41,,"  Taigor Marg, Neemuch - 458441  ",,0.0,https://www.justdial.com/Neemuch/JAY-MA-Ready-Made-Saree/9999P7423-7423-110126021301-S6J8_BZDET?xid=TmVlbXVjaCBTYXJlZSBSZXRhaWxlcnM=
 Manjula Saree,42,,"  Veer Park Road, Neemuch - 458441, Opp. Maheshwari Bhawan  ",,0.0,https://www.justdial.com/Neemuch/Manjula-Saree-Opp-Maheshwari-Bhawan/9999P7423-7423-110202123502-U6N4_BZDET?xid=TmVlbXVjaCBTYXJlZSBSZXRhaWxlcnM=
 Santoshi Saree Centre,43,,"  Neemuch Main Road Vivek Path Nayka Galli, Neemuch HO, Neemuch - 458441, Near Shakti Fancy Store  ",,0.0,https://www.justdial.com/neemuch/Santoshi-Saree-Centre-Near-Shakti-Fancy-Store-Neemuch-HO/9999P7423-7423-120731165430-W4T4_BZDET?xid=TmVlbXVjaCBTYXJlZSBSZXRhaWxlcnM=
 Jodharaj Onkarlal,44,,"  Tilak Marg, Neemuch HO, Neemuch - 458441, Near Ghantaghar  ",,0.0,https://www.justdial.com/Neemuch/Jodharaj-Onkarlal-Near-Ghantaghar-Neemuch-HO/9999P7423-7423-110124222803-I4Q5_BZDET?xid=TmVlbXVjaCBTYXJlZSBSZXRhaWxlcnM=
 Mohit Saree Center,45,,"  Laxminath Marg, Jawad, District- Neemuch, Jawad, Neemuch - 458330    ",,0.0,https://www.justdial.com/neemuch/Mohit-Saree-Center-Jawad/9999P7423-7423-140225120016-V1R7_BZDET?xid=TmVlbXVjaCBTYXJlZSBSZXRhaWxlcnM=
 Pradeep Cloth Store,46,,"  Sadar Bazar, Jeeran, District- Neemuch, Jeeran, Neemuch - 458336    ",,0.0,https://www.justdial.com/neemuch/Pradeep-Cloth-Store-Jeeran/9999P7423-7423-140331142307-N3M6_BZDET?xid=TmVlbXVjaCBTYXJlZSBSZXRhaWxlcnM=
 Gangor Fancy Saree Store,47,,"  Hospital Road, Manasa, District- Neemuch, Manasa, Neemuch - 458110    ",,0.0,https://www.justdial.com/neemuch/Gangor-Fancy-Saree-Store-Manasa/9999P7423-7423-140228143707-E2R4_BZDET?xid=TmVlbXVjaCBTYXJlZSBSZXRhaWxlcnM=
 Annapurna Saree Center,48,,"  Viajy Stambh, Manasa, District- Neemuch, Manasa, Neemuch - 458110    ",,0.0,https://www.justdial.com/neemuch/Annapurna-Saree-Center-Manasa/9999P7423-7423-140228154449-X9X3_BZDET?xid=TmVlbXVjaCBTYXJlZSBSZXRhaWxlcnM=
 Chetna Saree Center,49,,"  Sadar Bazar, Manasa, District- Neemuch, Manasa, Neemuch - 458110    ",,0.0,https://www.justdial.com/neemuch/Chetna-Saree-Center-Manasa/9999P7423-7423-140228164009-E4C3_BZDET?xid=TmVlbXVjaCBTYXJlZSBSZXRhaWxlcnM=
 Ghunghat Sarees,50,,"  Sadar Bazar, Manasa, District- Neemuch, Manasa, Neemuch - 458110    ",,0.0,https://www.justdial.com/neemuch/Ghunghat-Sarees-Manasa/9999P7423-7423-140227115530-A9R1_BZDET?xid=TmVlbXVjaCBTYXJlZSBSZXRhaWxlcnM=
 Pain Aisa,51,,"  Neemuch - 458110, Manasa  ",,0.0,https://www.justdial.com/neemuch/Pain-Aisa-Manasa/9999P7423-7423-190928015111-S6V3_BZDET?xid=TmVlbXVjaCBTYXJlZSBSZXRhaWxlcnM=
 Krishna Computers,52,,"  Rampura, Neemuch - 458118, Near Hanuman Temple  ",,0.0,https://www.justdial.com/Neemuch/Krishna-Computers-Near-Hanuman-Temple/9999P7423-7423-180612114931-A7F7_BZDET?xid=TmVlbXVjaCBTYXJlZSBSZXRhaWxlcnM=
 Bhawanilal Hazarimal Cloth Merchant,53,,"  Indira Gandhi Market, Tehsil-Singoli, District-Neemuch, Singoli, Neemuch - 458228    ",,0.0,https://www.justdial.com/neemuch/Bhawanilal-Hazarimal-Cloth-Merchant-Singoli/9999P7423-7423-130830165207-S6R9_BZDET?xid=TmVlbXVjaCBTYXJlZSBSZXRhaWxlcnM=
 Yash Properties,54,,"  Veer Park Road, Neemuch, Neemuch Ho, Neemuch - 458441    ",,0.0,https://www.justdial.com/neemuch/Yash-Properties-Neemuch-Ho/9999P7423-7423-140320144533-Y1K4_BZDET?xid=TmVlbXVjaCBTYXJlZSBSZXRhaWxlcnM=
 Roop Varsha,55,,"  Veer Park Road, Neemuch, Neemuch HO, Neemuch - 458441    ",,0.0,https://www.justdial.com/neemuch/Roop-Varsha-Neemuch-HO/9999P7423-7423-140320143446-Q4Q7_BZDET?xid=TmVlbXVjaCBTYXJlZSBSZXRhaWxlcnM=
 Sajan Saree Center,56,,"  Tegore Marg, Neemuch, Neemuch HO, Neemuch - 458441    ",,0.0,https://www.justdial.com/neemuch/Sajan-Saree-Center-Neemuch-HO/9999P7423-7423-140312110859-G3A1_BZDET?xid=TmVlbXVjaCBTYXJlZSBSZXRhaWxlcnM=
 Dinesh Saree Sansar,57,,"  Tegore Marg, Neemuch, Neemuch HO, Neemuch - 458441    ",,0.0,https://www.justdial.com/neemuch/Dinesh-Saree-Sansar-Neemuch-HO/9999P7423-7423-140312114502-W9Z5_BZDET?xid=TmVlbXVjaCBTYXJlZSBSZXRhaWxlcnM=
 Godha Traders,58,,"  Jain Bhawan Road, Neemuch, Neemuch HO, Neemuch - 458441    ",,0.0,https://www.justdial.com/neemuch/Godha-Traders-Neemuch-HO/9999P7423-7423-140311181442-N6M2_BZDET?xid=TmVlbXVjaCBTYXJlZSBSZXRhaWxlcnM=
 Suiting Shirting Sarees,59,,"  Tegore Marg, Shopping Complex, Neemuch, Neemuch HO, Neemuch - 458441    ",,0.0,https://www.justdial.com/neemuch/Suiting-Shirting-Sarees-Neemuch-HO/9999P7423-7423-140331090717-U3H4_BZDET?xid=TmVlbXVjaCBTYXJlZSBSZXRhaWxlcnM=
 Dulhan Saree,60,,"  Tilak Marg, Satya Path, Neemuch, Neemuch HO, Neemuch - 458441    ",,0.0,https://www.justdial.com/neemuch/Dulhan-Saree-Neemuch-HO/9999P7423-7423-140404154019-G3G8_BZDET?xid=TmVlbXVjaCBTYXJlZSBSZXRhaWxlcnM=
 Dulhan Sarees,61,,"  29/2, Satya Path, Neemuch HO, Neemuch - 458441  ",Cash,0.0,https://www.justdial.com/neemuch/Dulhan-Sarees-Neemuch-HO/9999P7423-7423-130615084400-X3N8_BZDET?xid=TmVlbXVjaCBTYXJlZSBSZXRhaWxlcnM=
 Bandhan Sarees,62,,"  Kamal Chowk, Neemuch, Neemuch HO, Neemuch - 458441  ",,0.0,https://www.justdial.com/neemuch/Bandhan-Sarees-Neemuch-HO/9999P7423-7423-140319133518-K5T5_BZDET?xid=TmVlbXVjaCBTYXJlZSBSZXRhaWxlcnM=
 Gaurav Paridhan,63,,"  Tegore Marg, Neemuch HO, Neemuch - 458441, Near Kamal Chowk    ",Cash,0.0,https://www.justdial.com/neemuch/Gaurav-Paridhan-Near-Kamal-Chowk-Neemuch-HO/9999P7423-7423-140319110608-E7H7_BZDET?xid=TmVlbXVjaCBTYXJlZSBSZXRhaWxlcnM=
 Mahaveer Sarees,64,,"  Tegore Marg, Jaju Market, Neemuch, Neemuch HO, Neemuch - 458441    ",,0.0,https://www.justdial.com/neemuch/Mahaveer-Sarees-Neemuch-HO/9999P7423-7423-140331101842-M8Y6_BZDET?xid=TmVlbXVjaCBTYXJlZSBSZXRhaWxlcnM=
 Singhal Brothers,65,,"  Near Ghanta Ghar, Neemuch, Neemuch HO, Neemuch - 458441    ",,0.0,https://www.justdial.com/neemuch/Singhal-Brothers-Neemuch-HO/9999P7423-7423-140319150250-C4X3_BZDET?xid=TmVlbXVjaCBTYXJlZSBSZXRhaWxlcnM=
 Sapna Sarees,66,,"  Ahinsa Path, Pustak Bazar, Neemuch, Neemuch HO, Neemuch - 458441    ",,0.0,https://www.justdial.com/neemuch/Sapna-Sarees-Neemuch-HO/9999P7423-7423-140319165511-D6H9_BZDET?xid=TmVlbXVjaCBTYXJlZSBSZXRhaWxlcnM=
 Kanhaiya Saree Sale,67,,"  Private Bus Stand Road, Neemuch, Neemuch HO, Neemuch - 458441    ",,0.0,https://www.justdial.com/neemuch/Kanhaiya-Saree-Sale-Neemuch-HO/9999P7423-7423-140224155024-I5A4_BZDET?xid=TmVlbXVjaCBTYXJlZSBSZXRhaWxlcnM=
 Shrinath Vastralaya & Matching Centre,68,,"  L-5 Indira Nagar Ext., Mangalik Bhawan Road, Indira Nagar, Neemuch - 458441  ",,0.0,https://www.justdial.com/Neemuch/Shrinath-Vastralaya-Matching-Centre-Indira-Nagar/9999P7423-7423-110406123347-W5Z7_BZDET?xid=TmVlbXVjaCBTYXJlZSBSZXRhaWxlcnM=
 Rajendra Suti Vastralya,69,,"  Naya Bazaar, Neemuch City, Neemuch, Neemuch City, Neemuch - 458441    ",,0.0,https://www.justdial.com/neemuch/Rajendra-Suti-Vastralya-Neemuch-City/9999P7423-7423-140313120116-S9C8_BZDET?xid=TmVlbXVjaCBTYXJlZSBSZXRhaWxlcnM=
 Gaurav Collection,70,,"  Fateh Chowk, Baghana Neemuch, Neemuch, Baghana Neemuch, Neemuch - 458441    ",,0.0,https://www.justdial.com/neemuch/Gaurav-Collection-Baghana-Neemuch/9999P7423-7423-140320101544-Z8Y5_BZDET?xid=TmVlbXVjaCBTYXJlZSBSZXRhaWxlcnM=
 Dosi Sarees,71,,"  Tilak Marg, Neemuch, Neemuch - 458441  ",,0.0,https://www.justdial.com/Neemuch/Dosi-Sarees/9999P7423-7423-110123050902-Z2T5_BZDET?xid=TmVlbXVjaCBTYXJlZSBSZXRhaWxlcnM=
 Sasural Saree Show Room,72,,"  18, Tilak Marg, Neemuch, Neemuch - 458441, Opp. B.p.l. TV Showroom  ",,0.0,https://www.justdial.com/Neemuch/Sasural-Saree-Show-Room-Opp-B-p-l-TV-Showroom/9999P7423-7423-110124213450-W7X3_BZDET?xid=TmVlbXVjaCBTYXJlZSBSZXRhaWxlcnM=
 Shagun Sarees,73,,"  Tilak Marg, Neemuch, Neemuch - 458441, Opp. Jaju Bhavan  ",,0.0,https://www.justdial.com/Neemuch/Shagun-Sarees-Opp-Jaju-Bhavan/9999P7423-7423-110124235140-E7H8_BZDET?xid=TmVlbXVjaCBTYXJlZSBSZXRhaWxlcnM=
 Rajrani Saree Showroom,74,,"  Dana Gali, Neemuch, Neemuch - 458441  ","Cash,Cheques",0.0,https://www.justdial.com/Neemuch/Rajrani-Saree-Showroom/9999P7423-7423-110202151137-W3R7_BZDET?xid=TmVlbXVjaCBTYXJlZSBSZXRhaWxlcnM=
 Bandan Saree,75,,"  Pustak Bazaar, Jhanjharwada, Neemuch - 458441  ",,0.0,https://www.justdial.com/Neemuch/Bandan-Saree/9999P7423-7423-190609125241-R6V1_BZDET?xid=TmVlbXVjaCBTYXJlZSBSZXRhaWxlcnM=
 Neelam Saree Center,76,,"  Laxminath Chowk, Jawad, District- Neemuch, Jawad, Neemuch - 458330  ",,0.0,https://www.justdial.com/neemuch/Neelam-Saree-Center-Jawad/9999P7423-7423-140224180717-P1L7_BZDET?xid=TmVlbXVjaCBTYXJlZSBSZXRhaWxlcnM=
 Mansi Saree Center,77,,"  Laxminath Chowk, Jawad, District- Neemuch, Jawad, Neemuch - 458330    ",,0.0,https://www.justdial.com/neemuch/Mansi-Saree-Center-Jawad/9999P7423-7423-140225121655-W3G8_BZDET?xid=TmVlbXVjaCBTYXJlZSBSZXRhaWxlcnM=
 Astha Saree Center,78,,"  Shastri Market, Jawad, District- Neemuch, Jawad, Neemuch - 458330    ",Cash,0.0,https://www.justdial.com/neemuch/Astha-Saree-Center-Jawad/9999P7423-7423-140225115115-A6P8_BZDET?xid=TmVlbXVjaCBTYXJlZSBSZXRhaWxlcnM=
 Anjali Saree & Kangan Store,79,,"  Ratangarh Road, Sarwania Maharaj, Tehsil- Jawad, District- Neemuch, Sarwania Maharaj, Neemuch - 458220    ",,0.0,https://www.justdial.com/neemuch/Anjali-Saree-Kangan-Store-Sarwania-Maharaj/9999P7423-7423-140223160633-S6I9_BZDET?xid=TmVlbXVjaCBTYXJlZSBSZXRhaWxlcnM=
 Suhag Saree Center,80,,"  Bus Stand Road, Manasa, District- Neemuch, Manasa, Neemuch - 458110    ",,0.0,https://www.justdial.com/neemuch/Suhag-Saree-Center-Manasa/9999P7423-7423-140226175738-W8I9_BZDET?xid=TmVlbXVjaCBTYXJlZSBSZXRhaWxlcnM=
 Saheli Saree Showroom,81,,"  Vivek Path, Neemuch, Neemuch HO, Neemuch - 458441    ",,4.3,https://www.justdial.com/neemuch/Saheli-Saree-Showroom-Neemuch-HO/9999P7423-7423-140404103422-N2X5_BZDET?xid=TmVlbXVjaCBTYXJlZSBSZXRhaWxlcnM=
 Suruchi Fashion,82,,"  Hospital Road, Manasa, District- Neemuch, Manasa, Neemuch - 458110    ",,4.6,https://www.justdial.com/neemuch/Suruchi-Fashion-Manasa/9999P7423-7423-140228135531-E3B9_BZDET?xid=TmVlbXVjaCBTYXJlZSBSZXRhaWxlcnM=
 Shubham Saree Center,83,,"  Hospital Road, Manasa, District- Neemuch, Manasa, Neemuch - 458110    ",,4.6,https://www.justdial.com/neemuch/Shubham-Saree-Center-Manasa/9999P7423-7423-140228141352-B1F9_BZDET?xid=TmVlbXVjaCBTYXJlZSBSZXRhaWxlcnM=
 Parivesh Saree,84,,"  Tagore Marg, 40 K Samne, Neemuch City, Neemuch - 458441, Near Khursid Talkies    ","Cash,Debit Cards,Cheques",5.0,https://www.justdial.com/Neemuch/Parivesh-Saree-Near-Khursid-Talkies-Neemuch-City/9999P7423-7423-190124232001-E7G2_BZDET?xid=TmVlbXVjaCBTYXJlZSBSZXRhaWxlcnM=
 Jain Saree Center,85,,"  Gandhi Chowk, Bada Bazar, Manasa, District- Neemuch, Manasa, Neemuch - 458110    ",,5.0,https://www.justdial.com/neemuch/Jain-Saree-Center-Manasa/9999P7423-7423-140227134927-I7N9_BZDET?xid=TmVlbXVjaCBTYXJlZSBSZXRhaWxlcnM=
 Suhagan Saree Center,86,,"  Tilak Marg, Satya Path, Neemuch, Neemuch HO, Neemuch - 458441    ",,3.7,https://www.justdial.com/neemuch/Suhagan-Saree-Center-Neemuch-HO/9999P7423-7423-140404154525-T4M1_BZDET?xid=TmVlbXVjaCBTYXJlZSBSZXRhaWxlcnM=
 Prakrati Creation,87,,"  Neemuch Chawni, Neemuch City, Neemuch - 458441    ",,2.3,https://www.justdial.com/Neemuch/Prakrati-Creation-Neemuch-City/9999P7423-7423-170612123703-D7F5_BZDET?xid=TmVlbXVjaCBTYXJlZSBSZXRhaWxlcnM=
 Chanchal Sarees,88,,"  Lalaji Complex, Neemuch, Neemuch HO, Neemuch - 458441    ",,5.0,https://www.justdial.com/neemuch/Chanchal-Sarees-Neemuch-HO/9999P7423-7423-140404104232-J6B5_BZDET?xid=TmVlbXVjaCBTYXJlZSBSZXRhaWxlcnM=
 Kashmir Silk Stores,89,,"  Sadar Bazaar Road, Mandsaur Naka, Manasa, Neemuch - 458110  ",,5.0,https://www.justdial.com/Neemuch/Kashmir-Silk-Stores-Manasa/9999P7423-7423-180205212408-F7F2_BZDET?xid=TmVlbXVjaCBTYXJlZSBSZXRhaWxlcnM=
 Parivesh Saree Showroom,90,,"  Tagore Marg, Neemuch City, Neemuch - 458441  ",,4.8,https://www.justdial.com/Neemuch/Parivesh-Saree-Showroom-Neemuch-City/9999P7423-7423-110126013754-B6B9_BZDET?xid=TmVlbXVjaCBTYXJlZSBSZXRhaWxlcnM=
 Pooja Saree Center,91,,"  Near Bheruji Neem, Manasa, District- Neemuch, Manasa, Neemuch - 458110    ",,0.0,https://www.justdial.com/neemuch/Pooja-Saree-Center-Manasa/9999P7423-7423-140227174450-I5A6_BZDET?xid=TmVlbXVjaCBTYXJlZSBSZXRhaWxlcnM=
 Harshita Saree Center,92,,"  Garba Chouk, Ratangarh, Tehsil-Singoli, District-Neemuch, Ratangarh, Neemuch - 458226    ",,0.0,https://www.justdial.com/neemuch/Harshita-Saree-Center-Ratangarh/9999P7423-7423-140225122541-R7T6_BZDET?xid=TmVlbXVjaCBTYXJlZSBSZXRhaWxlcnM=
 Riddhi Saree Center,93,,"  Vivekanand Market, Ratangarh, Tehsil-Singoli, District-Neemuch, Ratangarh, Neemuch - 458226    ",,0.0,https://www.justdial.com/neemuch/Riddhi-Saree-Center-Ratangarh/9999P7423-7423-140225120912-R5P8_BZDET?xid=TmVlbXVjaCBTYXJlZSBSZXRhaWxlcnM=
 Siddhi Vinayak Fancy Saree,94,,"  Radha Krishan Market, Ratangarh, Tehsil-Singoli, District-Neemuch, Ratangarh, Neemuch - 458226    ",,0.0,https://www.justdial.com/neemuch/Siddhi-Vinayak-Fancy-Saree-Ratangarh/9999P7423-7423-140225145958-M3Z9_BZDET?xid=TmVlbXVjaCBTYXJlZSBSZXRhaWxlcnM=
 Shri Gurukripa Vastralaya,95,,"  Vivekanand Market, Tehsil-Singoli, District-Neemuch, Singoli, Neemuch - 458228    ",,0.0,https://www.justdial.com/neemuch/Shri-Gurukripa-Vastralaya-Singoli/9999P7423-7423-130830181957-R2R8_BZDET?xid=TmVlbXVjaCBTYXJlZSBSZXRhaWxlcnM=
 Chandmal Mohan LAL Cloth Merchant,96,,"  Vivekanand Market, Tehsil-Singoli, District-Neemuch, Singoli, Neemuch - 458228    ",,0.0,https://www.justdial.com/neemuch/Chandmal-Mohan-LAL-Cloth-Merchant-Singoli/9999P7423-7423-130830193123-Z3V6_BZDET?xid=TmVlbXVjaCBTYXJlZSBSZXRhaWxlcnM=
